Element	Occupation	Consensus
H1	71.4%	V:40%, L:28%, I:25%
H2	89.5%	L:63%, I:15%, V:11%
H3	91.1%	L:69%, I:9%, M:9%, V:7%
H4	94.9%	V:49%, L:19%, I:10%, F:8%
H5	9.6%	I:22%, T:21%, L:20%, A:12%, F:5%
H6	62.3%	A:37%, N:21%, H:8%, T:6%, S:6%, R:5%
H7	11.1%	L:67%, A:12%, V:7%, I:5%
H8	98.2%	L:68%, I:12%, A:6%, F:6%
S1	75.0%	V:36%, I:24%, L:11%, F:7%, T:6%
S2	87.8%	I:47%, L:32%, V:13%
S3	79.6%	V:37%, L:24%, I:16%, F:12%
S4	36.0%	Q:64%, K:9%, S:8%, H:5%
S5	95.6%	V:43%, L:19%, I:17%, A:11%
S6	69.0%	A:22%, V:21%, I:16%, S:10%, T:9%
S7	97.1%	V:77%, I:14%, L:5%
S8	97.3%	V:66%, I:24%, L:7%
S9	97.9%	C:88%, A:8%
S10	98.0%	W:99%
S11	99.6%	C:99%
S12	99.6%	C:90%
S13	99.2%	L:95%
